feature	importance
addr_exact_address_match	0.46780628
addr_levenshtein_sim	0.45315537
addr_token_jaccard	0.06607244
address_strength	0.0128244795
name_addr_product	4.8025027e-05
char_ngram_cos	1.828981e-05
name_mean_similarity	1.4928518e-05
levenshtein_sim	1.0934071e-05
address_name_conflict	8.649459e-06
addr_digit_overlap_ratio	7.4511686e-06
addr_house_number_match	6.722868e-06
addr_token_overlap_count	6.394237e-06
name_max_similarity	5.0776994e-06
token_set_ratio	4.6555383e-06
token_sort_ratio	3.660666e-06
exact_match	3.3453757e-06
token_jaccard	3.2480598e-06
addr_exact_city_match	0.0
addr_exact_country_match	0.0
addr_char_ngram_cos	0.0
addr_address_len_ratio	0.0
addr_exact_pincode_match	0.0
addr_landmark_sim	0.0
name_zero_flag	0.0
addr_tfidf_cosine	0.0
